repo_name,no_of_contributions
123done,217
2018-global-sprint-planning,101
ADBFuzz,39
ActiveData,461
ActiveData-ETL,253
Addon-Tests,1653
Affiliates-Tests,156
BanHammer,135
Base32,60
BrowserQuest,153
Bubo-Eye,39
Build-a-Virtual-World---examples,24
CSOL-site,1127
CampaignsforMDM,16
Campus-Activities,7
Campus-Club-Year-Plans,6
Campus-Program,8
Campus-Resources,1
ChangeDetector,2
Civic-Hack-Day-Code-of-Conduct-2015,16
Community-Feedback,1
Community-Gatherings,1
CookieRestrictionsBreakageStudy,592
CookieRestrictionsShield,481
CorporaCreator,147
CrashAndHoursAndURI,5
CrashesVSHoursAndURI,3
DeepSpeech,2645
Deferred,22
DemoStumbler,21
DropItLike,37
FastBlockShield,433
Fira,49
Firefox-Shield,1
Firefox-UI-Heatmap,2
FirefoxAcademicCenter,50
FirefoxColor,638
FlightDeck,3655
FlightDeck-lib,86
FlightDeck-selenium,108
FoxPuppet,176
FunkJamTracker,14
Fx_Usage_Report,150
Gallery-Maker,4
Garmr,5
GitHub_Selenium,8
JSBugMon,29
Java-WebSocket,450
Jisort,241
KitchenSink,52
KitchenSink-App,3
L10nBudgetExperiment,3
LPCNet,249
MDM-Portal,4
MakeAPI,281
Marketplace.PHP,68
Marketplace.Python,72
MediaWiki-Github-Issues,6
MoDataSubmission,1
MozDef,5326
MozStumbler,2619
NPRAligner,35
Negatus,133
OSSN,2
One-Mozilla-blog,134
OneCRL-Tools,169
OpenDesign,339
OpenOpenNewsNews,5
OpenWPM,1960
OpenWPM-WebExtension-Experiment,8
OriginOnly,7
PPPStudy,14
PollBot,194
PyBrowserID,172
PyFxA,147
PyHawk,78
PyHive,142
PyPOM,205
PyVEP,75
Reps,81
Reveal-Mozilla-Theme,3
SQLite.swift,316
Snappy-Symbolication-Server,86
Social-Email-Template,35
SocialShare,47
Socorro-Tests,438
SocorroSearchService,9
Spoke,2495
SwiftKeychainWrapper,38
TBTWBuildChallenge,10
TLSCanaryWeb,8
TTS,1039
TUID,532
Twitter-Collage,102
UCOSP-winter-2018_TrackingTechnologies,29
WebApp-OpenStreetMap,52
WebBuilder,12
WebGameStub,906
Your-Web,108
able-registry-dev,4
about-home-jumping-fox-game,42
about-home-persona-switcher,3
about-home-piano-snippet,3
ace,1312
acidity,21
action-input,52
activate.mozilla.community,1865
active-data-recipes,195
activities,6
activity-accessible-gaming,2
activity-stream,4755
activity-stream-l10n,1131
activity-stream-okrs,4
activity-stream-storage-prototype,1
ad-analysis-for-facebook,36
ad-analysis-for-facebook-disabled,40
adbhelper,138
addon-builder-helper,88
addon-card-preview,32
addon-compatibility-reporter,139
addon-recommendation-shield-study,162
addon-registration,65
addon-sdk,5799
addon-sdk-sdocs,8
addon-sdk-sdocs-pub,3
addon-wr,66
addons,781
addons-code-manager,1136
addons-contribution-notifier,376
addons-engagement-study,3
addons-frontend,12660
addons-issue-counts,59
addons-linter,4997
addons-nginx,29
addons-pm,679
addons-robot,6
addons-server,39583
addons.mozilla.org-mod,28
addons_daily,99
adhoctribution,67
admin_for_mozilla,2
advance,30
advocacy.mozilla.org,1738
aestimia,260
aestimia-client,20
affiliates,182
affiliates-lib,16
aframe-xr,56
aggredash,42
agithub,190
ahab,6
airmozilla,2210
all-aboard,617
all-aboard-remote,16
allizom_org,5
amazon-transcribe-proxy,9
ambient-boxen,371
amo-dashboard,54
amo-eng-okrs,4
amo-loadtest,28
amo-milestones,131
amo-validator,1862
amocontentguidelines,3
amplitude,1
androidspeech,39
angle,9599
anodejsholidayseason,97
ansible-junos-stdlib,353
ansible-playbook-rabbitmq,105
aom,16623
api.mozillascience.org,165
api.webmaker.org,183
apk-cli,24
apk-factory-library,35
apk-factory-service,327
apk-signer,100
app-validator,1124
appetizer-proxyhacks,10
appetizer-proxyhacks-sites,75
application-services,2770
application-services-bug-mirror,3
appmaker-components,469
appmaker-words,5
apps-design,2
apps-payment-server,19
apps.mozillalabs.com,77
appsync,219
appsync-vendor,20
arch-website,152
archiver_toolkit,19
are-we-triaged-yet,113
arewefastyet,949
arewefastyet-speedometer,1
areweslimyet,927
areweslimyet-benchtester,165
around,232
ascendproject,855
ashes,8
ateam-bootcamp,156
audioipc-2,272
audisp-json,108
audit-go,201
audit-go-mozdef,158
authenticator-rs,197
authorized,1
autolander,161
autophone,664
aws-lambda-telemetry,26
awsbox,445
awsboxen,113
b2ghaystack,6
b2gperf,247
b2gpopulate,112
babel-gettext-extractor,62
badg.us,350
badge-the-world,23
badgekit-api,572
badgekit-api-client,193
badgekit-api-python-client,13
badgekit-backpack,58
badgeopolis,12
badges.mozilla.org,578
badges.mozillafestival.org,10
bakery,35
balrog-ui,249
basket,590
basket-client,85
basket-client-js,2
basket-example,9
basket-lib,60
batucada,843
bedrock,12702
bespinclient,1323
bespinserver,126
betachannel,106
betafarm,531
bidpom,146
bigquery-etl,2068
bitly-secret-service,16
bleach,567
blekko,1
blog.webmaker.org,28
blogdotmozilladotorg,3
blok,229
bloodflow,1
blurts-addon,259
blurts-server,5530
blushproof,103
bmo-harmony,21
boards,3
boilerplate.js,3
botio-files-pdfjs,139
bouncer-tests,95
brackets,15304
bramble,151
briar-patch,145
brick-boilerplate,20
bro,6852
browserid-certifier,79
browserid-cookbook,85
browserid-crypto,260
browserid-delegates,2
browserid-ios,12
browserid-local-verify,159
browserid-rp,10
browserid-tapas,3
browserid-verifier,221
browserid_addon,36
browserid_deployer,61
browsermirror,104
bsd-forms-and-wrappers,321
bucheron,10
buddyup,361
bug-handling,257
bug-signatures-status,13
bugbro,23
bugbug,3707
bugherder,266
bughub,12
bugml,41
bugstats,21
bugzilla-dashboard,151
build-autoland,490
build-blobber,93
build-blobuploader,75
build-cleanslate,50
build-environments,59
build-funsize,230
build-funsizer,6
build-fwunit,163
build-jacuzzi-allocator,7
build-mapper,148
build-mar,40
build-mozharness,2678
build-opsi-package-sources,87
build-partner-repacks,265
build-preproduction,8
build-proxxy,62
build-puppet-manifests,452
build-relengapi,1823
build-relengapi-clobberer,175
build-relengapi-skeleton,31
build-relengapi-slaveloan,242
build-relengdocs,175
build-rpm-sources,15
build-runner,98
build-runner-windows,1
build-screenresolution,41
build-slaveapi,220
build-talos,657
build-tools,2959
build-tooltool,318
build-vcs2aws,43
build.webmaker.org,80
butter,2870
byob,143
ca-policy,27
calculator,12
call-congress,227
call.mozilla.org,93
camdtest,1
canary-harvester,14
canary_anomaly_detection,4
captain,15
caravela,198
cardano,31
caseconductor,1
caseconductor-platform,39
caseconductor-ui,1722
caseconductor-ui-reqs,39
ceci,262
ceci-bower,26
cef,7
cerberus,154
certspotter-cloudformation,15
changelog,96
charts,28
chat.mozillafoundation.org,4322
chat.mozillafoundation.org-desktop,275
chatspaces,17
check,18
checklinks,12
cheesecake,26
cherrypicker,70
chief,69
chromecast,1
chromecast-server,2
chromeless,792
chronicle,216
chronicle-addon,19
chronicle-l10n,1
ci-docker-bases,310
cipherscan,411
classify-client,170
clearlinux,2
cleopatra,676
client-share-web,438
cloud9-skywriter-shared,53
cloudformation-cross-account-outputs,31
clouseau,607
clt_vs_bootstrap,1
clubs-events,45
coaching_training,10
code-coverage-addon,121
code-coverage-reports,78
code-hostages,2
codemoji,899
collusion-server,2
commbadge,617
common-voice-global-sprint,265
commonplace,479
commonware,43
community-data,1561
community-development,62
community-spaces,2
community-teaching-training,15
community-ux,3
community.openbadges.org,6
compatipede,64
compatipede-report-compare,1
concepts,189
configman,361
connect-cachify,84
connected-devices,9
connected-devices-experiments,26
contacts-sync-prototype,10
contain-facebook,970
content,99
content-2012.mozillafestival.org,167
contribute,6
contribute.json,156
cookie-restrictions-strict-list-study,26
cookiemonster,43
copyright,691
corsica,238
corsica-cli,11
corsica-screen,50
coss,856
coverage-crawler,315
coversheet,43
cpg,11
crash-clouseau,106
crash-report-tools,1067
crash-stop-addon,91
crashathon,10
crashstop,138
create-shield-study,5
crlite,320
crontabber,150
cropd,15
csp-logger,52
ctf-austin,3466
cubeb,1385
cubeb-coreaudio-rs,820
cubeb-pulse-rs,154
cubeb-rs,147
curriculum,816
curriculum-final,228
curriculum-localization,6
custom-elements,2
cvtools,7
darjeeling,195
data-docs,632
data-review,23
data-site-toplists,2
datacenter,31
datadog_hp_health,3
datasetjs,9
datazilla,749
datazilla-metrics,16
datazilla_client,40
datomish-user-agent-service,47
deepdev,276
deepspeech-pkguploadworker,19
deis-backup-service,14
deletethisrepo,2
delivery-console,1922
delivery-dashboard,533
deprecated-treestatus,75
developer-challenge-platform,47
developer-report,6
devroadshow2017,128
devtools-adb-extension,21
devtools-perf-game,28
devtools-reqs,45
digigo,5
dinobuildr,310
disco,1816
discoplace,135
discourse,3
discourse-auth0-mozilla,52
discourse-auto-email-in,11
discourse-category-categorization,2
discourse-email-all,2
discourse-expose-emails-in,8
discourse-mozilla-iam,141
discourse-mozilla-theme,74
discourse-mozilla-theme-beta,30
discourse-mozilla-theme-dark,3
discourse-mozilla-travis,22
discourse-mozillians,18
discourse-post-read-email,17
discourse-sidekiq-monitor,9
discourse-tldr,18
discourse-webmaker-id,4
discourse.mozilla.org,133
disk_key_encrypter,50
dispensary,1386
distribution-viewer,459
diversity-coc-review.io,28
django-badge-studio,1
django-badgekit,291
django-badger,304
django-browserid,159
django-cas-consumer,5
django-csp,164
django-dnt,22
django-jobvite,33
django-memcached-pool,44
django-moz-header,27
django-piston,244
django-post-request-task,48
django-product-details,71
django-recaptcha,12
django-salmon,40
django-session-csrf,31
django-tidings,174
django_appcache,11
djangode,9
docere,52
docker-gcloud-sdk-emulators,1
docker-node-doctoc,1
docker-python-black,1
docker-sbt,14
docker-test-mozilla-django-oidc,59
dockutil,69
doctorjs,202
dogear,193
domesday,43
domtemplate,86
donate.mozilla.org,4138
doorman,251
doozer,72
doozer-lib,2
dragnet,124
dryice,112
dscontrib,357
dummytracker,19
dxr,2311
dye-score,50
dynamicua_update_script,55
eideticker,821
eideticker-ci,90
elasticsearch-VR,32
elasticutils,465
elmo,1169
elmo-templates,78
email-tabs,275
embedly-proxy,183
ember-cli-fxos,66
emr-bootstrap-hbase,2
emr-bootstrap-presto,29
emr-bootstrap-spark,277
energia,151
ensemble,807
ensemble-transposer,484
eoy-charts,30
eoy-fundraising,164
eslint-config-amo,452
eslint-config-normandy,2
eslint-config-protocol,15
eslint-plugin-amo,97
eslint-plugin-fxa,35
eslint-plugin-no-unsanitized,132
esper-pioneer-shield-study,153
etherpad-lite,2417
etp-search-volume-study,18
events-issues,5
events.webmaker.org,530
example-addon-repo,109
example-search-addon,3
execCIProject,32
experimental-split-server,4
experimenter,2013
experiments-viewer,905
extension-finder,9
extension-workshop,849
extensions-challenge,65
eyedee.me,80
f1,1269
fathom,1467
fathom-fox,314
fathom-trainees,32
fathom-webextension,62
featured-addons-compatibility-test,8
federated-learning-v2-study-addon,555
feedthefox,254
fennec-distribution-sample,10
fennec-search,217
ff-tool,178
ffi-toolkit,5
fhr-jelly,470
fhr-r-rollups,164
fhr-v2-v4-executive,15
fifi,66
fifiback,65
file2crashes,18
filer-mysql,1
filer-redis,1
firefox-addons-website,2
firefox-app-validator-manifest,35
firefox-browser-architecture,186
firefox-code-coverage,150
firefox-code-coverage-frontend,220
firefox-code-quality,24
firefox-data-store-docs,12
firefox-flicks,286
firefox-for-android-addons,20
firefox-hardware-report,206
firefox-health-backend,132
firefox-narrate-experiment,41
firefox-roku,31
firefox-sync-appengine,19
firefox-test-engineering,378
firefox-test-tube,593
firefox-themes,37
firefox-ui-tests,268
firefox10.org,333
firefox57-sprint,204
firefoxmarket,250
firefoxos-quick-start,87
firehug,34
fireplace,6305
fireplay-sublime,94
fission-dashboard,27
fjord,1823
flame-on,13
fleet,956
followonsearch,45
for-firefox,19
foresight,49
forums.mozilla.org,24
foundation-icons,37
foundation-security-advisories,430
foundation.mozilla.org,2551
foxyeah,17
frappe,522
friendlycode,660
frost,367
funfactory,129
fx-crash-sig,71
fx-share-addon,381
fx36start,57
fxa,17014
fxa-activity-metrics,80
fxa-amplitude-send,100
fxa-auth-db-mem,85
fxa-auth-db-mysql,583
fxa-auth-db-server,256
fxa-auth-mailer,205
fxa-auth-server,4161
fxa-basket-proxy,110
fxa-brickftp-copy,16
fxa-bugzilla-mirror,18
fxa-checkbox,47
fxa-common-password-list,4
fxa-content-experiments,53
fxa-content-server,3748
fxa-content-server-l10n,8352
fxa-crypto-relier,57
fxa-customs-server,326
fxa-deployment,63
fxa-dev,955
fxa-discoverability-shield-study,360
fxa-easter-egg,13
fxa-email-event-proxy,38
fxa-email-service,249
fxa-features,2
fxa-geodb,143
fxa-js-client,316
fxa-js-client-old,711
fxa-jwtool,13
fxa-local-dev,263
fxa-metrics-dashboard,14
fxa-monorepo-prep,262
fxa-notification-server,39
fxa-notifier-aws,3
fxa-oauth-client,8
fxa-oauth-console,121
fxa-oauth-server,726
fxa-pairing-channel,81
fxa-password-strength-checker,30
fxa-profile-server,536
fxa-python-client,56
fxa-reconcile-with-salesforce,18
fxa-relier-client,40
fxa-relier-tests,2
fxa-retention-metrics,61
fxa-scrypt-helper,44
fxa-shared,70
fxa-sms-forecast,38
fxa-webpagetest-driver,4
fxa-webpagetest-settings,1
fxa-webrtc-idp,2
fxapom,332
fxc2,15
fxemoji,10
fxmonitor-remotesettings-updater,11
fxoss,288
fxpay,339
fxtest-dashboard,145
fxtest-jenkins-pipeline,67
fxtestbot,48
g2p,29
gaia-custom-elements,1
galaxy,640
galaxy-api,573
galaxy-api-python-client,13
galaxy.js,16
galaxy.js-mobile-gamepad,94
gameon,368
games.mozilla.org,315
gamesaver,54
gcli,3544
gcp-infra,10
gcp-ingestion,1025
gecko-dev,250031
gecko-projects,4
geckodriver,387
geckoview,112
gelato.admin,10
generator-recroom,52
geodude,14
geoip_server,2
get-synced,21
getanaccount,81
gigabit-website-redirects,2
git-auto-updater,11
git-bz-moz,267
git-repo,526
github-bugzilla-pr-linker,71
github-org-scripts,124
gitribution,37
glean,3927
glean_parser,673
global-sprint,415
gmp-api,19
gofaster,128
goggles.mozilla.org,562
gombot,113
gombot-chrome,303
gombot-ios,4
gozdef,8
gpg.mozilla.org,33
graphs,631
grcov,680
grunt-acidity,1
grunt-i18n-abide,144
grunt-l10n-lint,11
gspeech,17
guardDuty2MozDef,4
guardduty-multi-account-manager,95
guineapig,2
gzipServer,13
hackablegames,7
haiku-gaia-experiments,39067
hapi-fxa-oauth,19
happyforms,2
hardhat,3
hawk,157
heatmap,133
heavy-profile,92
heka-sqs,12
hello-tests,49
helpdesk-wp,1
hera,13
heroku-buildpack-apt,20
hg2github,26
high-fidelity,349
hive-chicago-buzz,124
hive-django,398
hivelearningnetworks.org,134
holodeck,1
home-snippets-server,71
home-snippets-server-lib,5
home-snippets-switcher,8
homebrew-mozreport,2
hookshot,54
hotdish,490
html-presentation-templates,54
html5-lint,45
htmlsanitizer.org,10
http-mx,10
http-observatory,648
http-observatory-cli,17
http-observatory-dashboard,86
http-observatory-website,380
http-server,252
http_helper,3
httpfs,27
httpfslib,18
hubs,9704
hubs-ops,1401
hungry-js,4
i18n-abide,153
iacomus,40
iacomus-alerts,13
ichnaea,4263
icongrid,11
id-specs,14
id.webmaker.org,375
idea-town-addon,34
idea-town-app,8
idea-town-meta,4
identity-ops,475
identity-pubkeys,93
iheartopendata.org,74
ihr-landing-site,22
ikran,257
inclusion,358
inclusive-space-toolkit,24
inferno,53
infernyx,368
infosec-risk-management,2
infosec-risk-management-bugzilla,74
infosec.mozilla.org,240
infra-x-design,4
inhuman-ads-webext,21
inneractive,45
innovation-toolkit,41
input-lib,62
input-tests,368
input.mozilla.org,554
integration-mozilla-inbound,61945
interest-dashboard,710
internet-health-report,21
inv-tool,229
inventory,1667
ipquest,54
iraas,1
irc-iplimit,28
iris,379
iris_firefox,2090
irlpodcast,368
ispdb,166
itisatrap,33
janus-addon,14
janus-eventhandler-sqlite,11
janus-image-worker,17
janus-plugin-rs,146
janus-plugin-sfu,314
jekyll-offline,3
jestr-pioneer-shield-study,485
jira-integration,1
jmeter-scripts,6
jschannel,109
jsmodules,80
json-hyperschemas,8
jsonschema-transpiler,351
jsxgettext,274
jsxgettext-recursive,27
jugband-react,28
jupyter-notebook-gist,195
jupyter-spark,105
jx-sqlite,461
jydoop,158
k-randomization,4
kaldi,5968
kaldi-gstreamer-server,152
kanbanzilla,159
kanbugger,50
kenlm,2130
kitchensinkserver,144
kitsune,7244
knowledge-repo,153
kpi-dashboard,169
kpiggybank,97
kubernetes-deployment,26
kuma-lib,140
labs-acm,157
labs-vcap,598
labs-vcap-java,26
labs-vcap-services,167
labs-vcap-tests,94
labs-vcap-uaa,483
language-mapping-list,68
launcher,317
layerscope,58
leaderboard_backend,60
leadership-toolkit,39
leadership-training,242
lean-data-practices,16
lean-data-practices-cso,4
learning-api,13
learning-networks,362
learning.mozilla.org,2584
learnyx,6
legacy-browser-support,47
legal-docs,3323
leisure,18
libadb.js,65
libaudit-go,233
libdmg-hfsplus,69
libdweb,205
libmozdata,931
libnfldap,32
libprio,99
lightbeam,840
lightbeam-db-server,162
lightbeam-we,168
lightbeam-website,236
lmdb,1179
lmdb-rs,300
loady,14
loci,30
locompleter,5
login.webmaker.org,659
london-events-presentation,1
loop,1549
loop-client,685
loop-client-l10n,1551
loop-test,1024
lorax,559
luciddream,14
lumbergh-lib,22
lumberyard,56
m-response,660
m-response-api,14
macos-desktop,12
magdalena,103
maintainer-cohort,27
make-valet,163
make.mozilla.org,1194
makeapi-client,18
makeapi-docs,2
makedrive,457
makerparty,291
makerparty-heatmap,6
makerstrap,146
marketing,1
marketing-analytics,184
marketing-project-template,37
marketplace-api-mock,169
marketplace-certs,12
marketplace-constants,103
marketplace-content-tools,377
marketplace-core-css,1
marketplace-core-modules,148
marketplace-ctf,2
marketplace-docs,121
marketplace-elements,102
marketplace-env,127
marketplace-frontend-docs,64
marketplace-gulp,129
marketplace-jquery,2
marketplace-loadtest,89
marketplace-operator-dashboard,89
marketplace-stats,651
marketplace-style-guide,115
marketplace-template,96
marketplace-tests,938
marketplace-tests-gaia,151
marketplay,25
marketpulse,244
markup,97
markup-lib,1
marytts,2615
masche,202
masterfirefoxos,497
masterfirefoxos-l10n,1117
matchpoint,20
mattermost-heroku,27
mattermost-integration-giphy,11
mciconf,15
mcom-tests,907
mdn-devtool,38
mdn-tests,194
mdv2-prototype,150
meao,199
measure-noise,99
mediawiki-bugzilla,163
medlem,14
medusa,123
megazord-gradle,6
memchaser,208
mentat,894
metrics-aws-clusters,15
mic,28
micro-email-validator,9
mig,1225
mig-deploy,12
mig-sandbox,19
migfw,52
minijanus.js,77
minion,52
minion-backend,334
minion-core,12
minion-frontend,175
minion-frontend-old,3
minion-garmr-plugin,5
minion-nmap-plugin,45
minion-skipfish-plugin,11
minion-ssl-plugin,9
minion-vm,43
minion-zap-plugin,26
minion-zest-plugin,2
miracle,287
missioncontrol,375
mixed-content-tests,16
mobile-opportunity,29
mobile-phonebook,34
mocoda,14
mod_authnz_persona,142
mod_browserid,10
mofactor-template,3
mofo-2016,1
mofo-allhands,78
mofo-allhands-event-app-data-processor,73
mofo-bootstrap,115
mofo-campaignurl,13
mofo-cms-experiment,30
mofo-deprecation,14
mofo-metrics,1
mofo-phantom,11
mofo-redirector,66
mofo-transaction-storage,68
mofo-ui,56
monolith,252
monolith-aggregator,517
monolith-client,79
monolith.js,8
morgoth,2
morgothv1,226
mortar,34
mortar-app-stub,34
mortar-appinstall,16
mortar-devtools,58
mortar-game-stub,36
mortar-hello-world,2
mortar-layouts,23
mortar-list-detail,52
mortar-privileged-empty-app,11
mortar-privileged-remote-app,58
mortar-tab-view,74
mortar-tabs-component,15
mortar-template-template,14
motown,140
moz-cheddar,254
moz-coco,31
moz-console,18
moz-corsica,646
moz-crash-rate-aggregates,20
moz-dev-contrib,13
moz-git-tools,196
moz-grid-config,336
moz-handler,31
moz-security-monkey,24
moz-skia,5991
moz-sql-parser,111
moz-telemetry-dashboard,24
moz2d,3
mozWhistle,8
mozaik-amo-dashboard,31
mozanalysis,147
mozapps-polyfill,8
mozbadging,7
mozbase-deprecated,1
mozcommitbuilder,81
mozdata,10
mozdef_client,89
mozdownload,301
mozfest-event-app,3056
mozfest-event-app-data-processor,100
mozfest-program,12
mozfest-web-literacy,1
mozhacks-2013,78
mozilla-advocacy-gantt,32
mozilla-badges,223
mozilla-bsd-cache,12
mozilla-campus-clubs,285
mozilla-central,1
mozilla-cloud-services-logger,15
mozilla-club-activity-hack-the-news,29
mozilla-club-activity-html-puzzle-boxes,28
mozilla-club-activity-kraken-the-code,26
mozilla-club-activity-ping-kong,32
mozilla-club-activity-story-of-us,22
mozilla-club-activity-web-chef,24
mozilla-club-guides,30
mozilla-demo-social-service,3
mozilla-depends,18
mozilla-django-oidc,405
mozilla-flask-crb,55
mozilla-history,43213
mozilla-identity,53
mozilla-ignite,1408
mozilla-ignite-learning-lab-demos,86
mozilla-ignite-learning-lab-videos,2
mozilla-infobar,17
mozilla-opennews,968
mozilla-pootle-extras,19
mozilla-presentation-templates,56
mozilla-reports,107
mozilla-schema-generator,336
mozilla-sphinx-theme,16
mozilla-taskboard,1
mozilla.github.io,7
mozilla_ci_tools,551
mozilla_webhook_sync,20
mozillaclubs,588
mozillafestival.org,756
mozillalabs.com,5
mozillawebmakerproxy.net,307
mozillians,5316
mozillians-ldap,58
mozillians-lib,102
mozillians-tests,556
mozjexl,97
mozjpeg,4031
mozlando-frontend-demo,33
mozlog,65
mozmaker-templates,71
mozmill,1021
mozmill-automation,72
mozmill-ci,643
mozmill-dashboard,169
mozmill-environment,67
mozmoderator,398
mozorg-js-external,5
mozpay-js,11
mozpay-py,25
mozpdx-lunch,5
mozplatformqa-jenkins,24
mozplatformqa-jenkins-config,261
mozplatformqa-jenkins-jobs,3
mozpool,341
mozregression,1316
mozreport,57
mozreviewers,10
mozspeechcollect,26
mozspeechcollect-srv,21
moztelemetry,54
moztrap,3015
moztrap-connect,4
moztrap-reqs,43
moztrap-tests,326
moztrap-vendor-lib,41
mozwebqa-bot,64
mozwebqa-examples,16
mozwebqa-test-templates,42
mp4parse-rust,799
mp4parse_fallible,13
mrburns,612
multi-account-containers,890
multipreffer,34
murmur,21
mw-skins,3
mwc,2219
mwos-frauddetection-2015,5
mwos-letsencrypt-2015,4
mysql-patcher,58
naf-janus-adapter,356
nagios-checks,7
napkin,22
narcissus,74
nascent-ledbar,4
nav-global,9
navras,9
neo,84
neqo,1052
nestegg,248
net-speech-api,37
netops-slackbot,3
network-api,201
network-crm,2
network-pulse,956
network-pulse-api,321
newfirefox.mozilla.community,73
newnewtab,77
news-matrix,29
newtab,36
newtab-dev,140421
newtab-webextensions,14
nicar-2015-2fa-plus,7
nightlytt,199
nimble.webmaker.org,33
nixpkgs-mozilla,195
nmap-agent,37
nocturnal,114
node-basket,16
node-cef,37
node-client-sessions,173
node-convict,576
node-db-migrate,43
node-firefox,48
node-firefox-build-tools,15
node-firefox-cli,13
node-firefox-connect,41
node-firefox-console,5
node-firefox-examples-gulp,6
node-firefox-examples-install-packaged,3
node-firefox-find-app,31
node-firefox-find-devices,10
node-firefox-find-ports,104
node-firefox-find-simulators,51
node-firefox-find-wifi-devices,1
node-firefox-forward-ports,4
node-firefox-install-app,68
node-firefox-launch-app,11
node-firefox-marketplace,26
node-firefox-reload-css,15
node-firefox-start-simulator,120
node-firefox-uninstall-app,6
node-fx-runner,76
node-hkdf,11
node-hubble,46
node-janus,224
node-kvstore,22
node-openid,149
node-rtltr,9
node-srp,93
node-vtt,59
node-webmaker-butler,17
node-webmaker-i18n,154
node-webmaker-loginapi,46
node-webmaker-postalservice,59
normandy,4316
normandy-actions,17
normandy-addon,160
normandy-compose,15
notes,1532
npapi-sdk,7
npm-lockdown,88
nsf-challenge,193
nsm-build,9
nsm-scripts,2
nss-fuzzing-corpus,32
nss-taskcluster,28
nss-tools,112
nucleus,190
nuggets,17
nunjucks,1247
nunjucks-docs,82
oauthorizer,47
observatory-cli,34
offline-kws-stt-intent-parsing-android,4
offyx,8
oghliner,442
oi-campaign-landing-page-template,10
old-timer-extension,2
oldpto,112
olm-whitepaper,8
onboard,111
one-off-system-add-ons,139
oneanddone,629
oneanddone-tests,61
onecrl-entry-checker,24
onyx,192
open-innovation-curriculum,18
open-leadership-framework,213
open-leadership-training-series,185
openbadger,856
openbadger-client,10
openbadges-backpack,2270
openbadges-badgekit,722
openbadges-badges,84
openbadges-bakery,82
openbadges-bakery-service,22
openbadges-cem,122
openbadges-discovery,420
openbadges-specification,11
openbadges-validator,203
openbadges-validator-service,82
openbadges-verifier,4
openbadges.org,211
openbadges.org-static,29
openhab,6448
openhab-core,103
openhab-distro,205
openhab2-addons,1153
openiotstudio,1
opennews-if-this-then-news,33
opennews-wiki,1
opensearch,87
opensourcery,9
openvpn,1300
openwebapps,1242
openwebapps-flickr-connector,11
openwebapps-myphotos,12
openwebapps-photosite-connector,27
openwpm-crawler,121
openwpm-firefox-webext,28
openwpm-utils,23
openwpm-webext-instrumentation,131
opsec-puppet,179
osmdroid,92
osumo,112
ouija,487
outofdate-notifications-system-addon,93
outreachy-datascience,1
overscripted,58
overscripted-explorer,19
pad,242
page-metadata-parser,120
page-metadata-service,124
parapara,1280
park-warden,14
parquet2bigquery,125
parquet2hive,111
parsepatch,29
parsys,5
parsys-okr-dashboard,14
part-MakerParty,4
participation-heartbeat,73
participation-leaders-accountability,3
participation-metrics-org,7
partinfra-jenkins,63
partinfra-playbooks,335
partinfra-terraform,411
partinfra-terraform-cloudfrontssl,14
partinfra-wordpress,9
partner-distro-portal,25
passport-openid,45
passport-webmaker,27
passport-yahoo,11
patches,61
patches-server,139
payments,44
payments-client,204
payments-config,15
payments-env,58
payments-example,50
payments-l10n,82
payments-logo,4
payments-saucelabs-browsers,6
payments-service,137
payments-ui,834
pd-cli,23
pdf.js,12728
pdf.js-bot,150
pdf.js-sample-files,3
pdfjs-dist,1789
peekaboo,298
people,60
peptest,1
perf-automation,23
persona,3782
persona-gmail-bridge,275
persona-roadmap,1
persona-yahoo-bridge,344
persona.org,59
personas,927
personas-plus,161
personatestuser.org,146
petitions.mozilla.org,77
phonebook,183
phonedash,48
picl-contacts,17
picl-desktop-client,97
picl-keyserver,40
picl-mocks,60
picl-oldsync,18
picl-passwords,9
picl-server,172
picl-tabs,13
pilot,711
ping-centre,52
ping-centre-launch-day,6
pino-mozlog,63
pioneer-enrollment-study,6
pioneer-online-news-log-recovery,12
pioneer-online-news-survey-fix,16
pioneer-opt-in,4
pioneer-study-nothing-addon,31
pioneer-study-online-news,114
pioneer-study-online-news-2,36
pioneer-study-pathfinder,29
pioneer-utils,86
pipstrap,50
pjs,57513
pkipolicy,96
pkix-compatibility-testing,18
placedkitten,33
planet-content,25
planet-source,2
platform-analysis,21
platform-status,889
playdoh,148
playdoh-docs,90
playdoh-lib,126
plugin-crash-dashboard,12
plugincheck,47
plugindir,109
plugins,167
pluotsorbet,4943
pocketsphinx,61
pocketsphinx-gtk,35
pointer.js,5
policy-templates,799
pontoon,4942
pontoon-error-pages,8
pontoon-intro,1467
pontoon-to-json,15
popcoder,48
popcorn-docs,288
popcorn-editor,158
popcorn-interim,49
popcorn-js,2263
popcorn.webmaker.org,1413
popcorn_maker,264
popcornjs.org,7
positron,155199
positron-electron,7248
positron-spidernode,13437
potools,95
preproduction,4
pretty-fast,53
price-tracker,314
prio-processor,408
privacy-prefs,6
privacy-survey,6
privacybadges,16
probe-dictionary,183
probe-scraper,460
process-releases,52
product-delivery,15
product-details-json,986
product_identifier,31
progressive-apps-hq,55
project_haiku.iot,217
project_haiku_dataviz.iot,33
project_haiku_status_api.iot,74
project_haiku_webrtc_signaling.iot,7
promise-sqlite,8
prospector,605
protocol,308
protocol-assets,40
protocol-sketch-plugin,34
protocol-tokens,52
protofun,4
prowac,125
pto,180
publish.webmaker.org,224
puente,120
pulse,111
pulse_actions,160
push-proxy,37
pushlog-addon,15
pwmgr_etl,2
pyjexl,13
pymake,376
pyo3-parsepatch,46
pytest-fxa,54
pytest-mozwebqa,255
python-nss-docs,8
python-spidermonkey,27
python-zeppelin,29
python_mozaggregator,451
python_mozetl,432
python_moztelemetry,422
qa-mozmill-tests,926
qac,13
qbrt,393
qmo-design,3
qmo-tests,156
quality.mozilla.org,125
r2d2b2g,1212
rainbow,117
rappor,468
rappor-aggregator,42
raptor-studio,49
rbbz,16
react-i18n,3
readability,433
receiptverifier,57
reclama,42
recommend-links-hack,31
recommender-core,3
recroom,81
recroom-docs,24
redash,6563
redash-stmo,171
redash-ui-tests,190
redash_client,218
redis-centos,3
referral-board,50
reflecto,9
reflex,271
reflex-react-driver,15
reflex-virtual-dom-driver,44
release-blog,247
release-notes,1513
release-services,3669
release_dash,462
releasehealth,115
releases-comm-central,17906
releasewarrior,2317
releng-jacuzzis,48
relengbot,32
relman-auto-nag,1075
relman-tools,16
relman_nag_tool,109
relmandash,31
relnotes,49
remo,2958
remo-tests,143
remote-newtab,309
remote-settings,126
remote-settings-uptake-health,33
remoteobjects,92
repo-templates,25
repotheweb,42
reps-edu,657
reps-mentorship,9
reps-tweets,9
rescuefox,47
research-website,48
research.firefox.com,1
restmail.net,91
restofthings,300
reticulum,2588
reviewbot,71
rhino,3115
riskHeatMap,116
rkv,358
rna,119
rocketfuel,340
rpm-sources,13
rra2json,65
rra3json,14
rust-android-gradle,71
rust-cascade,61
rust-ece,55
rust-parsepatch,90
rust-size,12
rust-tooltool,26
sample-tc-github-project,13
sasl-browserid,71
sauropod,74
sawmill,143
scanapi,5
scanjs,256
scanjs-core,1
sccache,1024
schemaker,25
schematic,31
school-of-webmaking,559
science.mozilla.org,441
sciencelab,3
scribe,10
scrumbugz,387
seasponge,148
secret-squirrel,26
secure-proxy-shield-study,2
security,205
security-advisor-shield-study,102
security-bytes-podcast,5
security-process-docs,13
self-repair-server,317
send,2830
server-core,623
server-share,1280
server-share-core,96
server-share-send,1
server-side-tls,203
service-map,110
servicebook,297
servicebook-web,263
services-quality-dashboard,5
serviceworker-cookbook,396
share-button-study,274
sheriffs,106
shield-cloudstorage,46
shield-onboarding,43
shield-studies-addon-template,351
shield-studies-addon-utils,538
shield-studies-dashboard,7
shield-study-certificate-diversity,3
shield-study-cli,23
shield-study-js-errors,5
shield-study-privacy,89
shield-study-rappor,31
shielddash,70
shinysurvey,2
shove,24
shumway,9235
shumway-dist,235
shumway-whitelist,9
side-view,308
sigma,25
sign-addon,761
signage,15
signing-clients,109
signing-service,8
silme,7
simulated-devices,83
skycrane-detector,6
skywriter,1465
slowparse,68
smarthome,2127
smithers,44
smokejumper,23
snakepit,292
snakepit-client,101
snippets-tests,142
snowl,868
social-graffiti,39
socialapi-core,17
socialapi-demo,239
socialapi-dev,465
socialmr,24
socorro-crashstats,959
socorro-docs,25
socorro-infra,356
socorrolib,56
solitude,524
solitude-auth,2
sops,1021
soup,9
source,718
source-map,654
spade,313
spark,632
spark-eol,143
spark-hyperloglog,48
spark-lib,12
spartacus,823
speakeasy,121
speaktome-node,17
speaktome-web,38
spectateur,26
speech-proxy,131
sphinx-js,392
sphinxbase,12
spicedham,297
spiderflunky,45
spidernode,14844
spiderweb,154638
spiderweb-spidernode,13397
spikes,67
splash.mozilla-ignite.org,45
splice,787
srg-ops,1
srgutil,33
srihash.org,296
ssh_mitm_poc,4
ssh_scan,753
ssh_scan_api,315
ssh_scan_worker,49
ssm-acquire,15
sso-mozilla-com,16
stab-crashes,279
standards-positions,274
standup,712
standup-irc,123
static-seed,3
statsd-console-backend,4
status.persona.org,122
steeplechase,77
stereophoto,29
stillis,3
stmoab,40
stmocli,32
stoneridge,486
stooge,49
structured-catalog,2
stubattribution-tests,391
studiomofo,71
stun-vm,13
styleguide,65
subhub,405
sugardough,274
sumo-experiments,68
sumo-playstore-campaign,40
sumo-projects,1
sumo-tests,543
sumobot,35
support-classifiers,1
surveillance.mozilla.org,7
swift-json,56
switchboard-server,8
symbols.m.o,20
taar,265
taar-api,138
taar-api-lite,111
taar-experiment-v2-shield-study,196
taar-experiment-v3-shield-study,563
taar-lite,97
taar_loader,19
tab-split,82
tabcandy,121
tabzilla,179
tag2cert,2
takebacktheweb.mozilla.org,32
talk-plugin-auth-checkbox,3
talkilla,2007
tantalus,1
task-defect-enhancement,15
task.js,2
tc-coalesce,98
tctalker,26
teach-api,177
teach-appmaker,1
team-list,22
telemetry-aggregator,183
telemetry-airflow,1485
telemetry-analysis-service,1154
telemetry-batch-view,945
telemetry-benchmarks,29
telemetry-collector,5
telemetry-dashboard,1291
telemetry-dashboard-prototype,35
telemetry-js-node,8
telemetry-next-node,18
telemetry-onboarding,27
telemetry-repro,1
telemetry-schema-service,156
telemetry-server,1437
telemetry-spark-packages-assembly,5
telemetry-streaming,194
telemetry-tools,43
templeton,9
tensorflow,38421
test-amo-validator,71
test-informant,30
test-jetpack-addon,1
testdaybot,36
testdroid-marionette-plugin,80
testperf_dashboard,22
testpilot,40
testpilot-analysis,2
testpilot-assets,408
testpilot-contribute,87
testpilot-ga,27
testpilot-meta,21
testpilot-metrics,22
testpilot-queries,9
testpilot2,123
testpilot_load,65
testpilot_metrics,33
testpilotweb,103
theopenstandard,63
thimble-homepage-gallery,15
thimble-takedown,5
thimble.mozilla.org,3467
three.xr.js,83
thunderhug,26
tiles_queue_processor,13
tincan,220
tinderbox,5
tippy-top-sites,50
tippy-top-sites-deprecated,134
tls-canary,163
tls-interop,18
tls-observatory,1236
tofino,1503
tofino-clabot,9
tofino-electron,10857
tofino-ffmpeg,4
toodle,71
toolbox,15
toolsforactivism,55
trackertest,17
tracking-protection-issues,8
tracking-test,17
trackingprotection-tools,46
trafficcop,17
transibution,14
transonic,578
treeherder,6826
treeherder-node-deprecated,53
treeherder-tests,157
treeherder-ui-deprecated,1
triage-burndown-charts,6
triage-center,150
triage-report,44
triage-stale,5
triage-summary,24
triagestats,2
trunion,106
trypersona.org,8
tsaws,8
ttw-podcast,32
tuxedo-lib,19
twemoji-colr,559
twitter-address-bar-search,2
typeoutloud.org,80
ubiquity,1827
uk-community,1
unicode-slugify,43
universal-search,217
universal-search-addon,179
universal-search-content,159
universal-search-download-page,4
universal-search-gecko-dev,118624
universal-search-old-iframe,15
universal-search-recommendation,166
up-jelly,275
uramaki,15
user-advocacy,135
user-query-optimizer,97
vaani,129
vaani.assistant,9
vaani.client,176
vaani.iot,10
vaani.microphone-check,82
vaani.raspberrypi,34
vaani.server,114
vaani.setup,9
vaanisdk,3
valence,390
vaporized_meerkat,3
vautomator-serverless,76
vautomator-standalone,25
vcap-ldap-shim,5
verbatim,22
version-control-tools,6958
video-bg-play,30
video_codec_module,3
videur,83
viewsourceconf-theme,4
vinz-clortho,303
voice-corpus-tool,43
voicebank-android,1
voicebank-ios,62
voicefill,220
voicejam-prototypes,32
vtt.js,511
vuln2bugs,43
wadi,13
wakeword,18
watchdog,42
watchdog-alert-passwords,7
watchdog-automate,7
watchdog-filter-bubble,1
watchdog-manager,93
watchdog-proxy,354
watchdog-visualhash,12
watchdog-visualize-old-passwords,6
watchdog-visualize-passwords,20
weave-backup,1207
weave-identity,764
weaveserver-obsolote,202
weaveserver-openid,18
weaveweb,3
web-components,41
web-ext,1690
web-forward,805
web-forward-playdoh-archived,168
web-games,7
web-lit-core,456
web-lit-training,2
web-literacy-client,71
web-to-lead,6
webapi-examples,8
webapps-spec,19
webcompat-blipz-experiment,199
webcompat-blipz-experiment-server,4
webcompat-bugcount-report-generator,9
webcompat-search,59
webcompat-team-okrs,1
webconsole,4
webdev,34
webdev-bootcamp,146
webdev-contributors,29
webdev-manager-resources,5
webdriver-rust,1
webext-compat-tool,126
webext-experiment-utils,28
webextension-polyfill,169
webgl-metrics,1
webifyme,102
webifyme-lib,8
webliteracymap,28
webmaker-addons,305
webmaker-analytics,48
webmaker-android,2593
webmaker-app-cordova,167
webmaker-app-publisher,127
webmaker-auth,29
webmaker-auth-client,154
webmaker-browser,280
webmaker-code-of-conduct,6
webmaker-core,332
webmaker-curriculum,527
webmaker-download-locales,50
webmaker-events,211
webmaker-events-service,276
webmaker-ffos,1
webmaker-filter,4
webmaker-firehose,4
webmaker-firehose-archive,14
webmaker-kits,74
webmaker-kits-builder,82
webmaker-landing-pages,130
webmaker-language-picker,83
webmaker-launch,21
webmaker-locales-mapping-configuration,11
webmaker-login-ux,141
webmaker-mailroom,187
webmaker-mediasync,105
webmaker-metrics,110
webmaker-moderator,22
webmaker-nav,138
webmaker-personas,5
webmaker-profile,270
webmaker-profile-2,264
webmaker-profile-service,80
webmaker-rid,6
webmaker-screenshot,112
webmaker-tests,50
webmaker-translation-stats,7
webmaker-ui,26
webmaker-user-client,17
webmaker-whitepaper,26
webmaker.org,1647
webmakerprototypes.org,5
webmakers-tumblr,6
webops-websec-guide,20
webowonder,274
webowonder-demos,125
webowonder-lib,6
webpay,1733
webprod-deis,23
webrtc,129
webrtc-demo,81
webrtc-landing,269
webrtc-sdp,303
webrtc-w3c,236
webrtc.mozilla.org,49
webrtcvad_js,14
webtools-bmo-qa,14
webtools-workermgmt,1
webxr-api,118
webxr-polyfill,277
webxray,605
whatthetrain,56
wiki-tests,91
wiki.mozilla.org,477
wikimo-skin,6
wikimo_content,260
winchan,62
womenandweb,55
woodstock,199
wordpress-plugins,2
workshop,110
workspace,33
wp-add-to-homescreen,72
wp-app-manifest,4
wp-calypso,7192
wp-offline-content,84
wp-offline-shell,206
wp-sw-manager,39
wp-web-push,779
wp.mozilla-ignite.org,16
wpt-api,263
wpt-sync,1294
wptview,139
wsoh,1
www-moz-works,7
www.ccadb.org,87
www.typeoutloud.org,69
x-tag-layouts,2
xpi_gate,5
xpisign.py,42
xtags-org,11
yaocho,95
yogafire,2681
zamboni,18618
zamboni-dashboard,76
zamboni-lib,344
zamboni-psds,17
zenko,17
zilla-slab,25
zippy,550
